mysql> select * from addressbook;
+---------+------------+---------+-----------+-------+---------+--------+-----------+----------+
| fname   | lName      | address | city      | state | email   | zip    | Number    | reletive |
+---------+------------+---------+-----------+-------+---------+--------+-----------+----------+
| yogesh  | dhangar    | wagholi | pune      | MH    | ybc@123 |  12345 |  92840465 | amol     |
| bhavesh | patil      | nijar   | Nandurbar | MH    | xyz@123 | 127655 |  92840897 | yogesh   |
| ketan   | chaidarkar | thane   | mumbai    | MH    | uyx@123 | 127873 | 928487697 | nitin    |
+---------+------------+---------+-----------+-------+---------+--------+-----------+----------+
3 rows in set (0.00 sec)

mysql> select count(*) from addressbook;
+----------+
| count(*) |
+----------+
|        3 |
+----------+
1 row in set (0.07 sec)

